tn,fp,fn,tp,auc,accuracy,precision,sensitivity,specificity,MCC,PPV,NPV
997.0,139.0,229.0,160.0,0.7142048951808537,0.7586885245901639,0.5351170568561873,0.41131105398457585,0.8776408450704225,0.31725515691391004,0.5351170568561873,0.8132137030995106
