R2,adj_R2,MAE,MSE,RMSE,Max_error
-0.3025617299590533,-0.909169900228793,3.314490294857733,33.895447554302386,5.82197969373841,13.856970367995356
